{
  "tf": {
    "shape": [
      6,
      14795
    ],
    "finite": true,
    "min": 0.00010915329039562494,
    "max": 0.9999902248382568,
    "top5_indices": [
      8359,
      8358,
      335,
      14464,
      1542
    ],
    "top5_labels": [
      "Musical_instrument",
      "Music",
      "Alarm",
      "Wind_instrument_and_woodwind_instrument",
      "Bell"
    ],
    "top5_overlap_with_tf": 5
  },
  "tflite": {
    "shape": [
      6,
      14795
    ],
    "finite": true,
    "min": 0.00010915329039562494,
    "max": 0.9999902248382568,
    "top5_indices": [
      8359,
      8358,
      335,
      14464,
      1542
    ],
    "top5_labels": [
      "Musical_instrument",
      "Music",
      "Alarm",
      "Wind_instrument_and_woodwind_instrument",
      "Bell"
    ],
    "top5_overlap_with_tf": 5
  },
  "tflite_int8": {
    "shape": [
      6,
      14795
    ],
    "finite": true,
    "min": 0.00010915329039562494,
    "max": 0.9999898672103882,
    "top5_indices": [
      8359,
      8358,
      14464,
      335,
      1542
    ],
    "top5_labels": [
      "Musical_instrument",
      "Music",
      "Wind_instrument_and_woodwind_instrument",
      "Alarm",
      "Bell"
    ],
    "top5_overlap_with_tf": 5
  }
}